patient,paired_normal,paired_tumor
TCGA-K1-A3PO,6664.85234575,5186.34090683
TCGA-FX-A2QS,3912.22749938,10921.6011067
