patient,paired_normal,paired_tumor
TCGA-X7-A8D6,40274.5176211,69271.2662787
TCGA-X7-A8D7,89599.0113213,93224.8817209
