patient,paired_normal,paired_tumor
TCGA-P8-A5KD,19126.9027921,15556.2396956
TCGA-SQ-A6I4,8710.32338818,7672.05186586
TCGA-P8-A5KC,5751.30439584,5620.20576376
